<?xml version="1.0" encoding="UTF-8" ?>
<!DOCTYPE configuration
        PUBLIC "-//mybatis.org//DTD Config 3.0//EN"
        "http://mybatis.org/dtd/mybatis-3-config.dtd">
<configuration>
    <settings>
        <setting name="logImpl" value="LOG4J"/>
    </settings>

    <typeAliases>
        <package name="edu.wxc.book.domain"/>
    </typeAliases>

    <mappers>
        <mapper resource="mapper/ApplyMapper.xml"/>
        <mapper resource="mapper/ItemMapper.xml"/>
        <mapper resource="mapper/UserMapper.xml"/>
    </mappers>
</configuration>